"","group","MDS1","MDS2"
"1","1961",0.0360783103587075,0.0220369884549006
"2","1985",-0.00278010870120567,0.015083396462247
"3","2009",-0.0332982016575019,-0.0371203849171476
